{
    "$schema": "https://json-schema.org/draft/2020-12/schema",
    "$id": "animation.channel.target.schema.json",
    "title": "Animation Channel Target",
    "type": "object",
    "description": "The descriptor of the animated property.",
    "allOf": [ { "$ref": "glTFProperty.schema.json" } ],
    "properties": {
        "node": {
            "allOf": [ { "$ref": "glTFid.schema.json" } ],
            "description": "The index of the node to animate. When undefined, the animated object **MAY** be defined by an extension."
        },
        "path": {
            "description": "The name of the node's TRS property to animate, or the `\"weights\"` of the Morph Targets it instantiates. For the `\"translation\"` property, the values that are provided by the sampler are the translation along the X, Y, and Z axes. For the `\"rotation\"` property, the values are a quaternion in the order (x, y, z, w), where w is the scalar. For the `\"scale\"` property, the values are the scaling factors along the X, Y, and Z axes.",
            "anyOf": [
                {
                    "const": "translation"
                },
                {
                    "const": "rotation"
                },
                {
                    "const": "scale"
                },
                {
                    "const": "weights"
                },
                {
                    "type": "string"
                }
            ]
        },
        "extensions": { },
        "extras": { }
    },
    "required": [ "path" ]
}
