{
    "$schema": "https://json-schema.org/draft/2020-12/schema",
    "$id": "material.normalTextureInfo.schema.json",
    "title": "Material Normal Texture Info",
    "type": "object",
    "allOf": [ { "$ref": "textureInfo.schema.json" } ],
    "properties": {
        "index": { },
        "texCoord": { },
        "scale": {
            "type": "number",
            "description": "The scalar parameter applied to each normal vector of the normal texture.",
            "default": 1.0,
            "gltf_detailedDescription": "The scalar parameter applied to each normal vector of the texture. This value scales the normal vector in X and Y directions using the formula: `scaledNormal =  normalize((<sampled normal texture value> * 2.0 - 1.0) * vec3(<normal scale>, <normal scale>, 1.0))`."
        },
        "extensions": { },
        "extras": { }
    }
}