{
    "$schema": "https://json-schema.org/draft/2020-12/schema",
    "$id": "mesh.schema.json",
    "title": "Mesh",
    "type": "object",
    "description": "A set of primitives to be rendered.  Its global transform is defined by a node that references it.",
    "allOf": [ { "$ref": "glTFChildOfRootProperty.schema.json" } ],
    "properties": {
        "primitives": {
            "type": "array",
            "description": "An array of primitives, each defining geometry to be rendered.",
            "items": {
                "$ref": "mesh.primitive.schema.json"
            },
            "minItems": 1
        },
        "weights": {
            "type": "array",
            "description": "Array of weights to be applied to the morph targets. The number of array elements **MUST** match the number of morph targets.",
            "items": {
                "type": "number"
            },
            "minItems": 1
        },
        "name": { },
        "extensions": { },
        "extras": { }
    },
    "required": [ "primitives" ]
}
