{
    "$schema": "https://json-schema.org/draft/2020-12/schema",
    "$id": "texture.schema.json",
    "title": "Texture",
    "type": "object",
    "description": "A texture and its sampler.",
    "allOf": [ { "$ref": "glTFChildOfRootProperty.schema.json" } ],
    "properties": {
        "sampler": {
            "allOf": [ { "$ref": "glTFid.schema.json" } ],
            "description": "The index of the sampler used by this texture. When undefined, a sampler with repeat wrapping and auto filtering **SHOULD** be used."
        },
        "source": {
            "allOf": [ { "$ref": "glTFid.schema.json" } ],
            "description": "The index of the image used by this texture. When undefined, an extension or other mechanism **SHOULD** supply an alternate texture source, otherwise behavior is undefined."
        },
        "name": { },
        "extensions": { },
        "extras": { }
    },
    "gltf_webgl": "`createTexture()`, `deleteTexture()`, `bindTexture()`, `texImage2D()`, and `texParameterf()`"
}
