{
    "$schema": "http://json-schema.org/draft-04/schema",
    "title": "Material PBR Metallic Roughness",
    "type": "object",
    "description": "A set of parameter values that are used to define the metallic-roughness material model from Physically-Based Rendering (PBR) methodology.",
    "allOf": [ { "$ref": "glTFProperty.schema.json" } ],
    "properties": {
        "baseColorFactor": {
            "type": "array",
            "items": {
                "type": "number",
                "minimum": 0.0,
                "maximum": 1.0
            },
            "description": "The material's base color factor.",
            "default": [ 1.0, 1.0, 1.0, 1.0 ],
            "minItems": 4,
            "maxItems": 4,
            "gltf_detailedDescription": "The RGBA components of the base color of the material. The fourth component (A) is the alpha coverage of the material. The `alphaMode` property specifies how alpha is interpreted. These values are linear. If a baseColorTexture is specified, this value is multiplied with the texel values."
        },
        "baseColorTexture": {
            "allOf": [ { "$ref": "textureInfo.schema.json" } ],
            "description": "The base color texture.",
            "gltf_detailedDescription": "The base color texture. The first three components (RGB) are encoded with the sRGB transfer function. They specify the base color of the material. If the fourth component (A) is present, it represents the linear alpha coverage of the material. Otherwise, an alpha of 1.0 is assumed. The `alphaMode` property specifies how alpha is interpreted. The stored texels must not be premultiplied."
        },
        "metallicFactor": {
            "type": "number",
            "description": "The metalness of the material.",
            "default": 1.0,
            "minimum": 0.0,
            "maximum": 1.0,
            "gltf_detailedDescription": "The metalness of the material. A value of 1.0 means the material is a metal. A value of 0.0 means the material is a dielectric. Values in between are for blending between metals and dielectrics such as dirty metallic surfaces. This value is linear. If a metallicRoughnessTexture is specified, this value is multiplied with the metallic texel values."
        },
        "roughnessFactor": {
            "type": "number",
            "description": "The roughness of the material.",
            "default": 1.0,
            "minimum": 0.0,
            "maximum": 1.0,
            "gltf_detailedDescription": "The roughness of the material. A value of 1.0 means the material is completely rough. A value of 0.0 means the material is completely smooth. This value is linear. If a metallicRoughnessTexture is specified, this value is multiplied with the roughness texel values."
        },
        "metallicRoughnessTexture": {
            "allOf": [ { "$ref": "textureInfo.schema.json" } ],
            "description": "The metallic-roughness texture.",
            "gltf_detailedDescription": "The metallic-roughness texture. The metalness values are sampled from the B channel. The roughness values are sampled from the G channel. These values are linear. If other channels are present (R or A), they are ignored for metallic-roughness calculations."
        },
        "extensions": { },
        "extras": { }
    }
}